section heading,section tok cnt,isnad tok cnt,isnad cnt,isnad percent
 [تهذيب الكمال في اسماء الرجال],54,0,0,0
 قالوا في الامام المزي,4,0,0,0
 1- ,35,0,0,0
 2- ,25,0,0,0
 3- ,14,0,0,0
 4- ,15,0,0,0
 5- ,51,0,0,0
 قالوا في التهذيب,3,0,0,0
 1- ,23,0,0,0
 2- ,11,0,0,0
 3- ,24,0,0,0
 4- ,39,0,0,0
 مقدمة المحقق,86,0,0,0
 الفصل الاول,2,0,0,0
 حياة المزي ومكانته العلمية,4,0,0,0
 مصادر ترجمته:,164,0,0,0
 بءة المزي ونشاته,781,0,0,0
 سماعه وشيوخه,1592,0,0,0
 منزلة المزي العلمية,3,0,0,0
 1 ابرز اثاره,483,0,0,0
 2- مناصبه العلمية,495,0,0,0
 3- تلاميذه,262,0,0,0
 4- اراء العلماء فيه,1186,0,0,0
 الفصل الثاني,2,0,0,0
 تهذيب الكمال في اسماء الرجال,129,0,0,0
 1- ,9,0,0,0
 2- ,11,0,0,0
 3- ,49,0,0,0
 4- ,117,0,0,0
 1- ,36,0,0,0
 2- ,25,0,0,0
 3- ,45,0,0,0
 4- ,58,0,0,0
 5- ,231,0,0,0
 1- ,20,0,0,0
 2- ,25,0,0,0
 3- ,115,0,0,0
 التهذيب ليس مختصرا للكمال,177,0,0,0
 تفضيل التهذيب علي الكمال في المحتوي,56,0,0,0
 1- ,4,0,0,0
 2- ,5,0,0,0
 3- ,3,0,0,0
 4- ,4,0,0,0
 5- ,7,0,0,0
 6- ,5,0,0,0
 7- ,2,0,0,0
 8- ,5,0,0,0
 9- ,3,0,0,0
 10- ,10,0,0,0
 11- ,3,0,0,0
 12- ,17,0,0,0
 13- ,7,0,0,0
 14- ,3,0,0,0
 15- ,4,0,0,0
 16- ,11,0,0,0
 17- ,6,0,0,0
 18- ,9,0,0,0
 19- ,92,0,0,0
 1- ,15,0,0,0
 2- ,13,0,0,0
 3- ,6,0,0,0
 4- ,99,0,0,0
 التهذيب ثلاثة اضعاف الكمال,65,0,0,0
 تفضيل التهذيب علي الكمال في التنظيم,790,0,0,0
 الفصل الثالث ,2,0,0,0
 عناية العلماء بتهذيب الكمال,4,0,0,0
 المختصرون والمستدركون,392,0,0,0
 1- ,78,0,0,0
 (2) الكاشف في معرفة من له رواية في الكتب الستة (2) :,273,0,0,0
 3- ,38,0,0,0
 4- ,386,0,0,0
 1- ,17,0,0,0
 2- ,15,0,0,0
 3- ,14,0,0,0
 4- ,16,0,0,0
 5- ,21,0,0,0
 1- ,6,0,0,0
 2- ,39,0,0,0
 3- ,25,0,0,0
 4- ,39,0,0,0
 5- ,22,0,0,0
 6- ,1116,0,0,0
 1- ,22,0,0,0
 2- ,7,0,0,0
 3- ,46,0,0,0
 4- ,75,0,0,0
 1- ,78,0,0,0
 2- ,62,0,0,0
 3- ,576,0,0,0
 الفصل الرابع,883,34,1,3.8505096262740657
 1- ,28,0,0,0
 2- ,25,0,0,0
 3- ,12,0,0,0
 4- ,16,0,0,0
 5- ,475,0,0,0
 رموزبعض الفاظ التحمل:,468,0,0,0
 صيغ بداية الاجزاء وانتهاءها,230,0,0,0
 1- ,39,0,0,0
 2- ,20,0,0,0
 3- ,88,0,0,0
 العناية بضبط النص,122,0,0,0
 اهمية كتب المشتبه في ضبط النص,196,0,0,0
 ضبط النص بالحركات,432,0,0,0
 تعليقاتنا علي النص واهميتها,45,0,0,0
 1- ,46,0,0,0
 2- ,452,0,0,0
 وصف النسخ المعتمدة في هذا المجلد,65,0,0,0
 1- ,223,36,1,16.143497757847534
 2- ,122,0,0,0
 3- ,194,0,0,0
 4- ,700,171,1,24.428571428571427
 1- ,76,0,0,0
 2- ,89,0,0,0
 3- ,109,0,0,0
 4- ,111,0,0,0
 5- ,205,0,0,0
 6- ,95,0,0,0
 7- ,267,141,1,52.80898876404494
 8- ,74,0,0,0
 9- ,71,0,0,0
 10- ,162,0,0,0
 1- ,45,0,0,0
 2- ,52,0,0,0
 3- ,40,0,0,0
 1- ,47,0,0,0
 2- ,82,0,0,0
 1- ,913,100,1,10.952902519167578
 تهذيب الكمال في اسماء الرجال,5,0,0,0
 للحافظ المتقن جمال الدين ابي الحجاج يوسف المزي 654، 742 ه,20,0,0,0.0
 مقدمة المءلف @Auto_ISE@ ,2452,0,0,0.0
 فصل,1753,432,12,24.64346833998859
 فصل,1338,49,3,3.662182361733931
 فصل,1975,113,3,5.721518987341772
 فصل,575,127,3,22.086956521739133
 فصل,377,0,0,0
 فصل,373,0,0,0
 فصل,463,0,0,0
 فصل,646,0,0,0
 فصل,488,0,0,0
 فصل,101,0,0,0
 فصل,685,0,0,0
 فصل,2986,594,4,19.892833221701274
 فصل,558,0,0,0
 فصل,946,0,0,0
 باب الالف,2,0,0,0
 من اسمه احمد,49143,4074,129,8.290092179964594
 المجلد الثاني,2,0,0,0
 من اسمه ابان,371,41,2,11.05121293800539
 ومن الاوهام:,2249,82,5,3.646064917741218
 من اسمه ابراهيم,24558,1642,49,6.686212232266471
 ومن الاوهام:,6377,335,6,5.25325388113533
 ومن الاوهام:,1093,42,2,3.8426349496797805
 من اسمه ابي وابي اللحم (1) وابيض,2152,500,9,23.234200743494423
 من اسمه اجلح واحزاب واحمر واحنف,1622,74,4,4.562268803945746
 من اسمه احوص واخضر واخنس,1022,50,3,4.892367906066536
 من اسمه ادرع وادريس وادم,1667,130,5,7.798440311937613
 من اسمه اربدة وارطاة وارقم,577,40,1,6.932409012131716
 من اسمه ازداد وازرق,354,0,0,0
 من اسمه ازهر,1231,13,1,1.0560519902518277
 من اسمه اسامة,2612,451,11,17.26646248085758
 من اسمه اسباط,793,0,0,0
 من اسمه اسحاق,19683,1708,59,8.67753899303968
 ومن الاوهام:,145,0,0,0
 من اسمه اسد واسراءيل,2938,0,0,0
 من اسمه اسعد واسقع,428,0,0,0
 من اسمه اسلم,493,0,0,0
 من اسمه اسماء,416,28,1,6.730769230769231
 المجلد الثالث,2,0,0,0
 من اسمه اسماعيل,27092,1746,52,6.444706924553374
 ومن الاوهام:,52,0,0,0
 من اسمه اسمر واسود,2191,364,9,16.61341853035144
 من اسمه اسيد,2866,494,11,17.236566643405443
 من اسمه اسير واشتر,22,0,0,0
 من اسمه اشج واشعث,5244,248,10,4.729214340198322
 من اسمه اشهب واشهل,709,30,2,4.231311706629055
 من اسمه اصبغ,1328,24,2,1.8072289156626504
 من اسمه اعين واغر,511,0,0,0
 من اسمه افلت وافلح واقرع,773,6,1,0.7761966364812419
 من اسمه امي وامية,2178,130,2,5.968778696051423
 من اسمه انس,6480,1110,23,17.12962962962963
 من اسمه انيس,198,0,0,0
 من اسمه اهبان,408,55,2,13.480392156862745
 من اسمه اوس,1187,151,2,12.721145745577084
 ومن الاوهام:,75,0,0,0
 من اسمه اياد واياس,8046,920,39,11.4342530449913
 من اسمه ايفع وايمن,1605,301,5,18.753894080996886
 من اسمه ايوب,6127,389,7,6.348947282519994
 ومن Milestone300 الاوهام:,821,119,2,14.494518879415347
 المجلد الرابع,2,0,0,0
 باب الباء,2,0,0,0
 من اسمه باب وباذام وبجالة وبجير,791,259,2,32.743362831858406
 من اسمه بحر وبحير وبختري,1625,322,7,19.815384615384616
 من اسمه بدر وبدل وبديل,792,15,1,1.893939393939394
 من اسمه البراء وبرد وبركة وبرمة,2873,236,6,8.214410024364776
 من اسمه بسام وبسر وبسطام,3464,250,6,7.2170900692840645
 من اسمه بشار وبشر,6856,1114,32,16.248541423570593
 ومن الاوهام:,5217,542,10,10.38911251677209
 من اسمه بشير,2048,73,1,3.564453125
 من اسمه بشير,654,168,3,25.688073394495415
 من اسمه بصرة وبعجة وبقية,1537,32,3,2.081977878985036
 من اسمه بكار وبكر,3066,276,4,9.001956947162427
 ومن الاوهام:,1150,110,3,9.565217391304348
 من اسمه بكير Milestone300,2360,259,5,10.974576271186441
 من اسمه بهز وبهلول وبور,1139,96,1,8.428446005267778
 من اسمه بلاد وبلال,5336,601,16,11.26311844077961
 من اسمه بيان وبيهس,625,9,1,1.44
 باب التاء,2,0,0,0
 من اسمه تبيع وتلب وتليد,2302,780,8,33.883579496090356
 من اسمه تمام وتميم وتوبة,563,21,1,3.7300177619893424
 ومن الاوهام:,1686,236,6,13.997627520759192
 باب الثاء,2,0,0,0
 من اسمه ثابت,6099,663,15,10.870634530250861
 من اسمه ثبات,145,52,2,35.86206896551724
 من اسمه ثعلبة,878,44,1,5.0113895216400905
 ومن الاوهام.,1660,272,8,16.3855421686747
 من اسمه ثواب وثوبان وثور وثوير Milestone300,3024,222,11,7.341269841269842
 باب الجيم,2,0,0,0
 من اسمه جابان وجابر,4152,609,12,14.667630057803468
 ومن الاوهام:,1214,112,2,9.225700164744646
 من اسمه جارود وجارية وجامع,1952,104,3,5.327868852459016
 من اسمه جبارة وجبر وجبريل وجبلة,1286,166,3,12.908242612752721
 من @Auto_ISB@ اسمه جبير,1633,222,3,13.59461114513166
 من اسمه الجراح,1265,13,1,1.0276679841897234
 من اسمه جرهد وجرير وجري,5086,612,21,12.033031852143138
 من اسمه جسر وجعثل وجعد وجعدة,1817,450,6,24.76609796367639
 المجلد الخامس,6,0,0,0
 من اسمه جعفر وجعيل,16078,2854,63,17.750964050255007
 من اسمه جمعة وجمهان وجميع وجميل,1273,114,3,8.955223880597014
 من اسمه جنادة وجندب,1986,289,5,14.551863041289023
 من اسمه جندرة وجندل وجنيد,705,96,2,13.617021276595745
 من اسمه جهضم وجهم,207,0,0,0
 من اسمه جواب وجودان وجون,1062,89,3,8.380414312617702
 من اسمه جويبر وجويرية,1679,238,5,14.175104228707564
 باب الحاء,2,0,0,0
 من اسمه حابس وحاتم وحاجب 990 ق: حابس بن سعد (1) ، ويقال: حابس بن ربيعة ابن المنذر بن سعد بن,4141,575,12,13.885534894952912
 ومن الاوهام. PageV05P216,13426,2865,51,21.33919261135111
 ومن الاوهام:,243,119,1,48.971193415637856
 ومن الاوهام:,11553,1673,37,14.481087163507315
 من اسمه حبيش,389,96,1,24.67866323907455
 من اسمه حجاج,7112,829,21,11.656355455568054
 من اسمه حجر وحجير وحجين وحجية,1962,618,10,31.49847094801223
 من اسمه حدرد وحديج وحدير 1142 بخ د: حدرد بن ابي حدرد ابوخراش السلمي (1) ويقال: الاسلمي (2) ، له,691,108,2,15.629522431259044
 من اسمه حذيفة وحذيم 1145 م 4: حذيفة بن اسيد (1) ، ويقال: ابن امية بن اسيد، ابو سريحة,3354,511,14,15.235539654144306
 من اسمه حر وحرام,746,0,0,0
 من اسمه حرب وحرشف,1945,268,6,13.778920308483292
 ومن الاوهام:,91,34,1,37.362637362637365
 من اسمه حرملة وحرمي,5643,887,24,15.718589402799928
 من اسمه حزام وحزم وحزن,488,18,1,3.6885245901639343
 المجلد السادس,6,0,0,0
 من اسمه حسام وحسان,909,134,2,14.74147414741474
 ومن الاوهام:,6996,2092,34,29.902801600914806
 ومن الاوهام:,11709,1645,47,14.049022119736954
 وممن يسمي الحسن بن حماد من رواة الحديث:,22718,3623,98,15.947706664319043
 وممن يسمي الحسن بن عمرو من هذه الطبقة وما يقاربها:,1746,338,10,19.358533791523485
 ومن الاوهام:,1160,91,1,7.844827586206897
 ومن الاوهام:,2152,348,10,16.171003717472118
 ومن الاوهام:,2682,227,5,8.463832960477257
 وممن يسمي الحسن بن يزيد من رواة العلم:,264,0,0,0
 ومن الاوهام:,124,0,0,0
 من اسمه الحسين,400,0,0,0
 ولهم شيخ اخر يقال له:,78,0,0,0
 ولهم شيخ اخر متاخر عن طبقتهما يقال له:,1255,32,1,2.549800796812749
 ولهم شيخ اخر يقال له:,2577,162,4,6.286379511059372
 ومن الاوهام:,13299,1721,52,12.940822618241974
 ولهم شيخ اخر يقال له:,753,0,0,0
 ومن الاوهام:,52,0,0,0
 ولهم شيخ اخر يقال له:,548,45,2,8.211678832116789
 وممن يسمي الحسين بن منصور ممن يقارب هذه الطبقة:,2675,199,6,7.4392523364485985
 من اسمه حشرج وحصن,1103,264,4,23.934723481414323
 من اسمه حصين,4021,604,12,15.021139020144242
 ولهم شيخ اخر يقال له:,377,99,2,26.25994694960212
 من اسمه حضرمي وحضين وحطان,1341,170,5,12.67710663683818
 المجلد @Auto_ISE@ السابع,6,0,0,0.0
 من اسمه حفص,370,68,1,18.37837837837838
 ولهم شيخ اخر يقال له:,4882,691,13,14.154035231462517
 @Auto_ISB@ وممن يعرف بابي عمر الضرير ايضا:,5035,560,17,11.122144985104269
 من اسمه حكام والحكم,957,9,1,0.9404388714733543
 ومن الاوهام:,9430,1548,34,16.415694591728524
 ومن الاوهام:,67,0,0,0
 من اسمه Milestone300 حكيم,7097,1146,26,16.14766802874454
 من اسمه حكيم,748,254,3,33.9572192513369
 من اسمه حماد,1472,10,1,0.6793478260869565
 ولهم شيخ اخر يقال له:,9022,1138,50,12.613611172688982
 ولهم شيخ اخر يقال له:,759,169,3,22.266139657444008
 ولهم شيخ اخر يقال له:,954,136,4,14.255765199161424
 وللكوفيين شيخ يقال له:,55,0,0,0
 من اسمه حمان وحمدان وحمدون وحمران,1620,314,9,19.38271604938272
 من اسمه حمزة,2987,627,17,20.99096083026448
 ولهم شيخ اخر يقال له:,825,131,4,15.878787878787879
 وممن يسمي حمزة بن المغيرة من رواة العلم:,1159,99,1,8.541846419327007
 من اسمه حمل,132,0,0,0
 من اسمه حميد,3269,431,16,13.184460079535027
 وممن يسمي حميد بن زياد:,2344,132,4,5.631399317406143
 ومن الاوهام:,3,0,0,0
 - حميد بن مخلد بن الحسين.,3448,438,8,12.703016241299302
 من اسمه حميري وحميضة وحميل,660,224,3,33.939393939393945
 من اسمه حنان وحنش,1089,85,2,7.80532598714417
 من اسمه حنظلة,2607,414,6,15.880322209436134
 من اسمه حنيف وحنيفة وحنين,446,57,1,12.780269058295964
 من اسمه حوثرة وحوشب وحويطب وحوي,425,20,1,4.705882352941177
 وللبصريين شيخ اخر يقال له:,1161,41,2,3.5314384151593456
 من اسمه حيان,751,168,5,22.37017310252996
 من اسمه حيوان وحيوة,1032,0,0,0
 من اسمه حية وحي وحيي,903,153,4,16.943521594684384
 المجلد الثامن,4,0,0,0
 من اسمه خارجة,2390,401,11,16.778242677824267
 من اسمه خازم,274,0,0,0
 من اسمه خالد,753,58,1,7.702523240371846
 ومن الاوهام:,13042,1955,43,14.990032203649747
 ولهم شيخ اخر يقال له:,376,11,1,2.925531914893617
 ومن الاوهام:,3116,757,14,24.293966623876763
 ولهم شيخ اخر يقال له:,9387,896,19,9.54511558538404
 من اسمه خباب وخبيب وخثيم,1512,257,4,16.997354497354497
 من اسمه خداش وخديج,382,178,2,46.596858638743456
 ومن الاوهام:,513,0,0,0
 من اسمه خرشة وخريم,351,0,0,0
 من اسمه خزرج وخزيمة,729,188,2,25.788751714677637
 من اسمه خشخاش وخشف وخشيش,706,103,2,14.589235127478753
 من اسمه خصيب وخصيف وخضير,1374,99,1,7.20524017467249
 من اسمه خطاب وخفاف,973,152,3,15.621788283658788
 من اسمه خلف,1615,297,5,18.390092879256965
 ولهم شيخ اخر يقال له:,1226,40,3,3.262642740619902
 ولهم شيخ اخر يقال له:,1580,362,7,22.911392405063292
 من اسمه خليد,1067,282,4,26.42924086223055
 من اسمه خليفة,1639,261,6,15.924344112263574
 من اسمه خليل,2838,483,12,17.019027484143763
 من اسمه خميل وخوات وخويلد,638,111,3,17.398119122257054
 من اسمه خلاد وخلاس,1361,113,2,8.302718589272594
 ولهم شيخ اخر يقال له:,326,36,1,11.042944785276074
 من اسمه خيار وخيثمة وخير وخيوان,872,147,3,16.857798165137613
 باب الدال,2,0,0,0
 من اسمه دارم وداود,2998,461,9,15.376917945296864
 ومن الاوهام.,735,68,2,9.251700680272108
 ولهم شيخ اخر يقال له:,6678,903,14,13.522012578616351
 ومن الاوهام:,2856,282,7,9.873949579831933
 من اسمه دحية ودخيل ودخين,362,0,0,0
 من اسمه دراج ودرست,1363,264,6,19.369038884812912
 من اسمه دغفل ودفاع ودكين ودلهم,1340,187,7,13.955223880597014
 من اسمه دهثم ودويد,360,13,1,3.6111111111111107
 من اسمه ديسم وديلم ودينار,1115,230,4,20.62780269058296
 باب الذال,2873,533,11,18.552036199095024
 المجلد التاسع,2,0,0,0
 باب الراء,2,0,0,0
 من اسمه راشد,1559,242,4,15.522771007055805
 من اسمه رافع,2644,594,9,22.465960665658095
 من اسمه رباح,1359,329,7,24.20897718910964
 من اسمه ربعي,865,99,3,11.445086705202312
 من اسمه ربيح وربيع,1170,89,2,7.6068376068376065
 ولهم شيخ اخر يقال له:,1446,385,9,26.625172890733058
 ومن الاوهام:,4101,340,6,8.290660814435503
 من اسمه ربيعة,6036,1198,23,19.84758117958913
 من اسمه رجاء ورحيل,3215,441,6,13.716951788491446
 من اسمه رداد ورديح,402,68,1,16.91542288557214
 من اسمه رزام ورزق الله ورزيق ورزين,1761,492,12,27.938671209540033
 ومن الاوهام:,142,0,0,0
 اسمه رشدين,808,48,2,5.9405940594059405
 من اسمه رفاعة,1890,419,8,22.169312169312168
 من اسمه رفدة، ورفيع، ورقبة,2024,173,4,8.547430830039527
 من اسمه رواد وروح ورويفع,3383,554,13,16.375997635235
 وممن يشاركه في اسمه واسم ابيه ويقاربه في طبقته:,753,17,1,2.257636122177955
 من اسمه رياح وريحان,776,42,1,5.412371134020619
 باب الزاي,2,0,0,0
 من اسمه زاذان وزارع وزافر وزاهر وزاءدة,2313,374,5,16.169476869865974
 من اسمه زبان وزبرقان وزبيب وزبيد,1593,263,6,16.509730069052104
 من اسمه الزبير,5927,1294,29,21.832292896912435
 من اسمه زر، وزرارة، وزربي، وزرعة، وزريق,1933,245,6,12.674599068804968
 ومن الاوهام:,87,0,0,0
 من اسمه زفر وزكريا,6120,857,13,14.00326797385621
 من اسمه زهدم وزهرة وزهير,5174,571,11,11.035948975647468
 من اسمه زياد وزيادة,15231,3414,62,22.414811896789445
 المجلد العاشر,2,0,0,0
 من اسمه زيد,6983,646,16,9.251038235715308
 وممن يسمي زيد بن الحسن من القرشيين Milestone300.,2149,184,5,8.562121917170778
 ومن الاوهام:,2052,308,9,15.009746588693956
 ومن الاوهام:,335,81,1,24.17910447761194
 ومن الاوهام:,6105,1372,25,22.473382473382472
 باب السين,2,0,0,0
 من اسمه سابق وسالم,7639,1214,22,15.892132478073046
 من اسمه الساءب,1897,276,5,14.549288350026357
 ومن الاوهام:,73,0,0,0
 من اسمه سباع وسبرة وسبيع,792,159,2,20.075757575757574
 من اسمه سحامة وسحيم وسخبرة,688,316,3,45.93023255813954
 من اسمه سراج وسرار وسراقة وسرق,617,119,3,19.286871961102108
 من اسمه سريج وسريع,1278,132,3,10.328638497652582
 من اسمه السري,1233,141,5,11.435523114355231
 من اسمه سعاد وسعد,123,0,0,0
 ومن الاوهام:,12064,1736,36,14.389920424403183
 ومن الاوهام:,98,0,0,0
 من اسمه سعدان والسعدي وسعر وسعدة,801,170,3,21.22347066167291
 من اسمه سعيد وسعير,17551,3954,78,22.52863084724517
 ومن الاوهام:,2943,289,7,9.81991165477404
 ومن الاوهام:,4293,673,13,15.676682972280457
 واما النشيطي فهو:,4985,701,16,14.062186559679038
 وممن يسمي سعيد بن عبد الجبار، من رواة العلم:,3849,521,11,13.535983372304495
 المجلد الحادي عشر,31193,3409,74,10.928734010835765
 من اسمه سكن وسكين,572,19,1,3.3216783216783217
 من اسمه سلم,3877,1063,20,27.418106783595565
 من اسمه سلمان,3612,434,11,12.015503875968992
 من اسمه سلمة,904,134,2,14.823008849557523
 ومن الاوهام:,2720,72,2,2.6470588235294117
 ومن الاوهام:,1959,632,10,32.26135783563042
 ومن الاوهام:,4531,611,12,13.484881924519973
 من اسمه سلمة وسلمويه,91,0,0,0
 من اسمه سليط وسليم وسليم,1888,250,4,13.241525423728815
 من اسمه سليمان,15832,1768,41,11.167256189994946
 المجلد الثاني عشر,13873,1378,32,9.93296331002667
 ومن الاوهام:,549,180,3,32.78688524590164
 ومن الاوهام:,58,0,0,0
 من اسمه سماك,1798,288,4,16.017797552836484
 من اسمه سمرة وسمعان,1464,249,6,17.008196721311474
 من اسمه سمي وسميدع وسميط,744,126,2,16.93548387096774
 من اسمه سنان,885,249,3,28.135593220338983
 ومن الاوهام:,2,0,0,0
 - سنان بن منظور الفزاري.,669,149,2,22.27204783258595
 من اسمه سنيد وسنين,912,102,4,11.18421052631579
 من اسمه سهل,5715,289,7,5.05686789151356
 ومن الاوهام:,889,200,3,22.49718785151856
 من اسمه سهم,144,0,0,0
 من اسمه سهيل,203,0,0,0
 ومن الاوهام:,1219,24,1,1.9688269073010665
 من اسمه سواء وسوادة وسوار,1412,113,3,8.002832861189802
 من اسمه سويد,4689,402,12,8.573256557901471
 من اسمه سلام وسلامه,3810,470,11,12.335958005249344
 من اسمه سيار,1523,255,6,16.74326986211425
 من اسمه سيدان وسيف,2221,325,6,14.633048176497073
 باب الشين,2,0,0,0
 من اسمه شاذ وشاذان,449,0,0,0
 من اسمه شباب وشبابة وشباك,1097,21,1,1.9143117593436645
 من اسمه شبت وشبل,1051,88,2,8.372978116079924
 من اسمه شبيت وشبيل وشتير,2559,574,14,22.430636967565455
 من اسمه شجاع,1284,10,1,0.778816199376947
 من اسمه شداد,2814,693,11,24.62686567164179
 من اسمه شراحيل وشرحبيل وشرقي,326,0,0,0
 ومن الاوهام Milestone300:,1508,221,3,14.655172413793101
 ومن الاوهام:,1732,465,4,26.847575057736723
 من اسمه شريح,3328,286,9,8.59375
 ومن الاوهام:,82,0,0,0
 من اسمه شريد وشريق وشريك,2936,332,10,11.307901907356948
 من اسمه شعبة,4483,271,10,6.045059112201651
 من اسمه شعيب وشعيث,5065,509,12,10.049358341559724
 من اسمه شفعة وشفي وشقران وشقيق وشكل,2378,363,6,15.264928511354078
 من اسمه شمر وشمعون وشمير وشميط وشنتم,1330,236,6,17.74436090225564
 من اسمه شهاب وشهر وشويش,3354,166,6,4.949314251639833
 من اسمه شيبان وشيبة وشييم,3058,301,7,9.843034663178548
 المجلد الثالث عشر,7,0,0,0
 باب الصاد,2,0,0,0
 من اسمه صاعد وصالح,6857,1104,23,16.10033542365466
 ومن الاوهام ,148,0,0,0
 ومن الاوهام:,5927,753,12,12.704572296271301
 من اسمه صباح وصبيح وصبيح وصبي,839,209,3,24.910607866507746
 من اسمه صخر,1378,194,5,14.078374455732948
 من اسمه صدقة وصدي وصرد,1835,266,6,14.49591280653951
 ومن الاوهام:,3934,824,10,20.945602440264363
 من اسمه صعب وصعصعة وصعق,1755,325,6,18.51851851851852
 من اسمه صفوان وصقعب,6005,977,23,16.26977518734388
 من اسمه صلت وصلة وصنابح,3375,626,11,18.548148148148147
 من اسمه صيفي,975,213,3,21.846153846153847
 باب الضاد,2,0,0,0
 من اسمه ضبارة وضبة وضبيعة,535,134,3,25.04672897196262
 من اسمه الضحاك,6159,818,17,13.28137684689073
 من اسمه ضرار وضريب,1128,31,1,2.74822695035461
 من اسمه ضمام وضمرة وضمضم وضميرة,3064,774,11,25.261096605744125
 باب الطاء,2,0,0,0
 من اسمه طارق وطالب وطاووس,6578,1735,45,26.37579811492855
 من اسمه طخفة وطرفة وطريف,824,78,4,9.466019417475728
 من اسمه طعمة وطغفة وطفيل,1419,507,7,35.72938689217759
 من اسمه طلحة,8540,1652,39,19.34426229508197
 من اسمه طلق وطليق,1910,260,6,13.612565445026178
 من اسمه طهفة وطود وطيسلة,177,0,0,0
 باب الظاء,2,0,0,0
 من اسمه ظالم وظليم وظهير,335,109,2,32.537313432835816
 باب العين,2,0,0,0
 من اسمه عابس وعاصم,10112,1313,25,12.984572784810128
 ومن الاوهام:,878,95,2,10.82004555808656
 المجلد الرابع عشر,7,0,0,0
 من اسمه عافية وعامر,11681,1972,34,16.882116257169763
 من اسمه عاءذ الله وعاءذ وعاءش,1760,227,6,12.897727272727272
 من اسمه عباد,1020,148,4,14.50980392156863
 ومن الاوهام:,4070,810,13,19.901719901719904
 ومن الاوهام:,2934,292,8,9.952283571915475
 وممن يسمي عباد بن موسي من رواة الحديث:,2332,321,6,13.765008576329333
 من اسمه عبادة.,1561,389,8,24.919923126201155
 ومن الاوهام:,1474,165,4,11.194029850746269
 من اسمه عباس,1600,138,4,8.625
 ومن الاوهام:,3940,489,13,12.411167512690355
 ومن الاوهام:,82,0,0,0
 وممن يسمي العباس بن الفضل ايضا:,3170,384,7,12.113564668769715
 من اسمه عباة وعباية وعبثر,706,18,1,2.5495750708215295
 من اسمه عبد الله,1737,293,4,16.868163500287853
 ومن الاوهام:,14510,1326,28,9.138525155065471
 ومن الاوهام:,3541,356,5,10.053657158994636
 ومن الاوهام:,3673,404,9,10.999183228968146
 ومن الاوهام:,1544,314,5,20.33678756476684
 ومن الاوهام Milestone300:,12325,652,17,5.290060851926977
 ومن الاوهام:,676,25,1,3.698224852071006
 ومن الاوهام:,834,252,5,30.215827338129497
 المجلد الخامس عشر,11403,1918,37,16.82013505217925
 ومن الاوهام:,4858,558,9,11.486208316179498
 ومن الاوهام:,7283,1046,18,14.362213373609775
 ومن الاوهام.,1183,151,2,12.764158918005073
 ومن الاوهام:,23571,3266,53,13.856009503203087
 ومن الاوهام:,4272,734,14,17.181647940074907
 ومن الاوهام:,9479,2123,36,22.396877307732883
 ومن الاوهام:,2409,264,6,10.95890410958904
 ومن الاوهام:,7324,1394,28,19.033315128345166
 المجلد السادس عشر,18527,1491,31,8.047714146920711
 ومن الاوهام:,5734,941,19,16.410882455528427
 ومن الاوهام:,510,0,0,0
 ومن الاوهام:,1192,295,4,24.748322147651006
 ومن الاوهام:,9816,1714,31,17.461287693561534
 ومن الاوهام:,8549,1633,29,19.10164931570944
 ومن الاوهام:,2052,435,9,21.198830409356724
 ومن الاوهام.,156,0,0,0
 ومن الاوهام:,512,100,4,19.53125
 من اسمه عبد الاعلي وعبد الاكرم,4970,578,10,11.629778672032193
 من اسمه عبد الجبار,1488,310,4,20.833333333333336
 من اسمه عبد الجليل,218,0,0,0
 من اسمه عبد الحكم وعبد الحكيم,518,82,1,15.83011583011583
 من اسمه عبد الحميد وعبد الحي,6587,830,14,12.600576893881888
 ومن الاوهام:,1007,372,7,36.941410129096326
 من اسمه عبد الخالق وعبد الخبير وعبد خير,1093,353,9,32.296431838975295
 من اسمه عبد ربه,843,0,0,0
 ومن الاوهام:,1630,446,8,27.361963190184046
 من اسمه عبد الرحمن,9644,1505,26,15.605557859809208
 المجلد السابع عشر,7,0,0,0
 من اسمه عبد الرحمن,5704,874,17,15.32258064516129
 ومن الاوهام:,265,16,1,6.037735849056604
 ومن الاوهام ايضا:,7153,1859,29,25.989095484412132
 ومن الاوهام:,14144,2482,52,17.548076923076923
 ومن الاوهام:,2610,667,12,25.555555555555554
 ومن الاوهام:,51,0,0,0
 ومن الاوهام ايضا:,9044,1542,28,17.0499778858912
 وممن يسمي عبد الرحمن بن عبيد الله الحلبي، ويقال له: ابن اخي الامام,1415,20,1,1.4134275618374559
 ومن الاوهام:,330,27,1,8.181818181818182
 وممن يسمي عبد الرحمن بن عدي:,8491,1430,22,16.841361441526324
 ومن الاوهام:,3187,354,6,11.10762472544713
 ومن الاوهام:,4096,533,9,13.0126953125
 ومن الاوهام:,4972,1084,16,21.802091713596138
 ومن الاوهام:,5373,419,13,7.798250511818352
 وممن يسمي عبد الرحمن بن ميسرة.,1583,295,6,18.63550221099179
 ومن الاوهام:,218,95,1,43.57798165137615
 ومن الاوهام ايضا:,3322,338,7,10.174593618302227
 المجلد الثامن عشر,1842,127,2,6.894679695982628
 ومن الاوهام:,1587,361,8,22.747321991178325
 من اسمه عبد الرحيم,1615,81,1,5.015479876160991
 من اسمه عبد الرزاق,2289,122,5,5.329838357361293
 من اسمه عبد السلام,4374,546,13,12.482853223593965
 من اسمه عبد الصمد,1452,142,6,9.77961432506887
 ومن الاوهام:,42,0,0,0
 من اسمه عبد العزيز,5630,468,10,8.312611012433392
 ومن الاوهام:.,2887,192,7,6.650502251472116
 ومن الاوهام:,6896,559,14,8.10614849187935
 وممن يسمي عبد العزيز بن يحيي.,726,120,2,16.528925619834713
 من اسمه عبد الغفار وعبد الغني,1184,150,4,12.66891891891892
 من اسمه عبد القاهر وعبد القدوس,1106,0,0,0
 من اسمه عبد الكبير وعبد الكريم,2730,179,6,6.5567765567765575
 من اسمه عبد المتعالي وعبد المجيد وعبد المطلب,1575,62,2,3.9365079365079367
 من اسمه عبد الملك,1487,274,5,18.426361802286483
 ومن الاوهام:,701,76,1,10.841654778887303
 ومن الاوهام:,11084,1811,37,16.33886683507759
 ومن الاوهام:,8560,948,17,11.074766355140186
 من اسمه عبد الواحد,4066,767,12,18.863748155435317
 من اسمه عبد الوارث,1298,8,1,0.6163328197226503
 من اسمه عبد الوهاب,4697,338,10,7.196082605918671
 من اسمه عبد وعبدان وعبدة,777,0,0,0
 ومن الاوهام PageV18P528,2315,127,4,5.485961123110151
 المجلد التاسع عشر,7,0,0,0
 من اسمه عبيد الله,3680,882,17,23.967391304347828
 ومن الاوهام:,936,132,3,14.102564102564102
 ومن الاوهام:,68,23,1,33.82352941176471
 ومن الاوهام ايضا:,2432,170,4,6.990131578947369
 ومن الاوهام:,3480,685,15,19.68390804597701
 ومن الاوهام:,5976,669,16,11.194779116465863
 ومن الاوهام:,9687,1612,31,16.640858883039126
 ومن الاوهام:,1337,99,3,7.404637247569185
 ومن الاوهام:,31,0,0,0
 من اسمه عبيد من الاوهام:,3265,581,10,17.7947932618683
 ومن الاوهام:,1555,249,3,16.012861736334404
 ومن Milestone300 الاوهام:,2328,299,6,12.843642611683848
 ومن الاوهام:,3027,672,12,22.2001982160555
 ومن الاوهام:,71,0,0,0.0
 من اسمه عبيدة,854,0,0,0.0
 ومن الاوهام:,1244,203,4,16.318327974276528
 من اسمه عبيدة وعبيس,1083,200,3,18.467220683287167
 من اسمه عتاب وعتبان,2324,428,8,18.416523235800344
 من اسمه عتبة,3816,551,12,14.439203354297694
 من اسمه عتي وعتيبة وعتيك,1067,433,8,40.58106841611996
 من اسمه عثام وعثمان وعثيم,27505,3953,84,14.371932375931648
 من اسمه عجلان وعجير وعداء وعدي وعذافر,4396,447,10,10.168334849863513
 من اسمه عراك وعرباض وعربي,2569,469,9,18.256130790190735
 المجلد العشرون,6,0,0,0
 من اسمه عروة,6027,490,12,8.130081300813007
 من اسمه عريان وعريب وعزرة وعسل,1645,318,5,19.33130699088146
 من اسمه عصام وعصمة,1321,111,1,8.402725208175625
 من اسمه طاء ومن الاوهام:,5054,112,7,2.21606648199446
 ومن الاوهام:,5358,1486,28,27.734229189996267
 ومن الاوهام:,109,0,0,0
 من اسمه عطاف وعطية,2596,307,6,11.825885978428351
 ومن الاوهام:,234,87,1,37.17948717948718
 من اسمه عفان وعفير وعفيف,4127,323,11,7.826508359583233
 من اسمه عقار وعقبة,1636,328,7,20.048899755501225
 ومن الاوهام:,4945,872,16,17.63397371081901
 من اسمه عقيل وعقيل,1546,322,4,20.827943078913325
 من اسمه عكراش وعكرمة,7564,645,20,8.527234267583289
 من اسمه علباء وعلقمة,478,152,4,31.799163179916317
 ومن الاوهام:,2397,99,4,4.130162703379224
 من اسمه علي,16329,1115,34,6.828342213240248
 وممن يسمي علي بن حكيم:,7474,578,18,7.7334760503077336
 وممن يسمي علي بن صالح:,9957,1819,47,18.268554785577983
 المجلد الحادي والعشرون,16070,3924,101,24.418170504044802
 ومن الاوهام:,9628,701,20,7.280847528043208
 من اسمه عمار,5646,635,16,11.24690046050301
 من اسمه عمارة,1892,193,4,10.200845665961946
 ومن الاوهام,1797,289,4,16.082359488035614
 ومن الاوهام.,390,47,2,12.051282051282051
 من اسمه عمر,3992,739,16,18.512024048096194
 ومن الاوهام:,1478,155,2,10.487144790257103
 ومن الاوهام:,7452,805,20,10.802469135802468
 ومن الاوهام:,482,26,1,5.394190871369295
 ومن الاوهام.,6703,1259,21,18.78263464120543
 ومن الاوهام:,14750,1743,49,11.816949152542373
 من اسمه عمرو,1187,216,3,18.197135636057286
 عمرو بن اكيمة، ويقال: عمارة؛ تقدم.,1279,136,3,10.633307271305707
 عمرو بن ثابت، ,272,0,0,0
 ومن الاوهام:,712,79,1,11.095505617977528
 ومن الاوهام:,5645,598,16,10.593445527015058
 المجلد الثاني والعشرون,3678,528,13,14.355628058727568
 ومن الاوهام:,166,0,0,0
 ومن الاوهام:,1230,126,3,10.24390243902439
 ومن الاوهام:,22146,2837,70,12.810439808543302
 ومن الاوهام:,2430,151,4,6.2139917695473255
 ومن الاوهام:,1437,252,6,17.536534446764094
 ومن الاوهام:,7643,1234,22,16.145492607614813
 ومن الاوهام:,50,0,0,0
 ومن الاوهام ايضا:,72,0,0,0
 من اسمه عمران,7528,1121,21,14.891073326248671
 من اسمه عمير وعميرة,245,65,1,26.53061224489796
 ومن الاوهام:,4238,977,19,23.053327041057102
 من اسمه عنبسة وعنترة,2253,142,5,6.302707501109632
 ومن الاوهام:,202,62,1,30.693069306930692
 من اسمه عوام وعوسجة,1345,412,7,30.631970260223046
 من اسمه عوف,1271,39,2,3.068450039339103
 من اسمه عون,2474,187,8,7.558609539207762
 من اسمه عويم وعويمر,1488,141,4,9.475806451612904
 من اسمه العلاء,9845,1750,42,17.775520568816656
 من اسمه علاج وعلاق وعلاقة,431,126,1,29.23433874709977
 من اسمه عياش,1409,185,4,13.129879347054649
 من اسمه عياض,1452,327,6,22.520661157024794
 ومن الاوهام: عياض.,38,0,0,0
 من اسمه عيزار وعيسي وعيينة,7266,1409,27,19.391687310762457
 ومن الاوهام:,46,0,0,0
 ومن الاوهام ايضا:,484,0,0,0
 المجلد الثالث والعشرون,588,86,3,14.625850340136054
 ومن الاوهام:[وهم] عيسي بن علي بن عبيد الله بن عثمان بن عمرو ابن كعب بن سعد بن تيم,8855,1170,25,13.2128740824393
 باب الغين,2,0,0,0
 من اسمه غالب,1336,313,6,23.42814371257485
 من اسمه غرفة وغريف وغزوان,965,285,5,29.533678756476682
 من اسمه غسان,1128,296,4,26.24113475177305
 من اسمه غضيف وغطيف,733,194,2,26.46657571623465
 من اسمه غنيم وغياث وغيلان,1663,554,9,33.3132892363199
 باب الفاء,2,0,0,0
 من اسمه فاتك وفاكه وفاءد,1073,222,3,20.689655172413794
 من اسمه فجيع وفديك وفرات وفراس والفراسي,654,118,2,18.04281345565749
 ومن الاوهام:,581,18,1,3.098106712564544
 من اسمه فرج وفرقد وفروخ وفروة,3248,618,15,19.027093596059114
 من اسمه فضاء وفضالة,942,93,3,9.872611464968154
 من اسمه الفضل,9574,1135,31,11.8550240233967
 من اسمه فضة وفضيل,4985,378,13,7.582748244734202
 وممن يسمي فضيل بن عياض من رواة العلم:,1317,140,3,10.630220197418375
 من اسمه فطر وفلفلة وفليت وفليح وفيروز,1691,208,6,12.300413956238913
 باب القاف,2,0,0,0
 من اسمه قابوس وقارظ,839,205,3,24.433849821215734
 من اسمه القاسم,6317,664,16,10.511318663922749
 ومن الاوهام:,2784,603,10,21.65948275862069
 وممن يسمي القاسم بن عيسي من رواة العلم:,7051,782,15,11.090625443199546
 وممن يسمي القاسم بن مهران ,1348,16,1,1.1869436201780417
 من اسمه قباث وقبيصة,2922,251,8,8.590006844626968
 ومن الاوهام:,1029,347,7,33.7220602526725
 من اسمه قتادة وقتيبة وقثم,5830,442,16,7.58147512864494
 من اسمه قحافة وقدامة,2471,610,11,24.686361796843386
 من اسمه قران وقرثع وقرظة وقرفة,1470,420,8,28.57142857142857
 من اسمه قرة وقريش,2513,225,4,8.953442101074414
 من اسمه قزعة وقزمان وقسامة وقشير,1688,601,8,35.6042654028436
 من اسمه قطبة وقطن,2182,558,10,25.572868927589365
 من اسمه القعقاع وقعنب وقنان وقهيد,709,122,3,17.207334273624824
 المجلد الرابع والعشرون,7,0,0,0
 من اسمه قيس,9845,1795,37,18.232605383443374
 ومن الاوهام:,2390,543,9,22.719665271966527
 باب الكاف,2,0,0,0
 من اسمه كامل,978,35,2,3.5787321063394684
 من اسمه كثير,6667,1165,27,17.474126293685316
 وممن يسمي كثير بن ابي كثير من رواة العلم.,1591,210,4,13.199245757385292
 ومن الاوهام:,108,0,0,0
 من اسمه كدام وكردوس وكرز وكريب,804,96,2,11.940298507462686
 من اسمه كعب,3293,361,9,10.962648041299728
 من اسمه كلثوم وكلدة وكليب,2167,273,6,12.598061836640518
 من اسمه كميل وكناز وكنانة,1994,472,10,23.67101303911735
 من اسمه كهمس وكلاب وكيسان,618,134,5,21.68284789644013
 وممن يسمي كيسان من الصحابة:,620,36,2,5.806451612903226
 باب اللام,2,0,0,0
 من اسمه لجلاج ولقمان ولقيط,167,0,0,0
 ومن الاوهام:,316,0,0,0
 من اسمه لمازة ولهيعة,377,10,1,2.6525198938992043
 من اسمه ليث,5701,623,23,10.927907384669357
 باب الميم,2,0,0,0
 من اسمه محمد,3658,149,9,4.073264078731547
 ومن الاوهام:,3101,330,7,10.641728474685586
 ومن الاوهام:,274,0,0,0
 ومن الاوهام:,3,0,0,0
 محمد بن احمد بن ابي الثلج، ابو عبد الله البغدادي صاحب احمد بن حنبل.,1507,0,0,0
 وممن يسمي محمد بن احمد القرشي:,24388,5147,135,21.104641627029686
 وممن يسمي محمد بن افلح:,11463,1021,24,8.906917909796737
 المجلد الخامس والعشرون,2922,141,4,4.825462012320329
 ومن الاوهام:,6000,311,8,5.183333333333334
 ومن الاوهام:,3539,290,8,8.194405199208816
 ومن الاوهام:,864,12,1,1.3888888888888888
 ومن الاوهام:,19200,1940,43,10.104166666666666
 ومن الاوهام:,1002,162,2,16.16766467065868
 ومن الاوهام:,9516,964,27,10.130306851618327
 ومن الاوهام:,11050,1212,22,10.968325791855204
 ومن الاوهام:,647,0,0,0
 وممن يسمي Milestone300 محمد بن عبد الله الصنعاني:,798,204,3,25.563909774436087
 ومن الاوهام:,5508,859,17,15.595497458242559
 ومن الاوهام:,9962,904,30,9.074483035535033
 ومن الاوهام:,87,0,0,0
 ومن الاوهام:,9745,1212,24,12.437147255002566
 ومن الاوهام Milestone300:,32,0,0,0
 المجلد السادس والعشرون,12395,1689,30,13.6264622831787
 ومن الاوهام:,4276,616,12,14.405986903648268
 ومن الاوهام:,1384,20,2,1.4450867052023122
 وممن يسمي محمد بن علي بن حمزة من رواة العلم.,9781,909,26,9.293528269093141
 ومن الاوهام:,11390,809,20,7.1027216856892
 وممن يسمي محمد بن قدامة من رواة العلم:,9597,1048,25,10.920079191413985
 ومن الاوهام:,18494,1282,35,6.9319779387909595
 ومن الاوهام.,66,0,0,0
 ومن الاوهام ايضا.,4297,332,11,7.726320688852688
 ومن الاوهام:,8752,578,16,6.604204753199269
 وممن يسمي محمد بن يحيي المروزي من رواة الحديث,1890,33,2,1.746031746031746
 المجلد السابع والعشرون,7462,858,19,11.498257839721255
 ومن الاوهام:,2382,430,12,18.052057094878254
 ومن الاوهام:,292,39,2,13.356164383561644
 من اسمه ماضي ومالك وماهان,7162,445,15,6.213348226752304
 ومن الاوهام:,2260,331,7,14.646017699115044
 من اسمه مبارك ومبشر,2380,39,3,1.6386554621848741
 من اسمه المثني,3,0,0,0
 ومن الاوهام:,1798,214,5,11.902113459399333
 من اسمه مجاشع ومجاعة ومجالد ومجاهد,3086,449,10,14.549578742709008
 من اسمه مجزاة ومجمع ومجيبة,1631,327,5,20.04904966278357
 من اسمه محارب ومحاضر ومحبوب ومحجن,919,149,4,16.2132752992383
 ومن الاوهام:,13,0,0,0
 ومن الاوهام:,1053,150,2,14.245014245014245
 من اسمه محدوج ومحرر ومحرز ومحرش,1935,430,8,22.22222222222222
 من اسمه محصن ومحفوظ ومحل,629,86,3,13.672496025437203
 من اسمه محمود ومحيصة,1097,6,1,0.5469462169553327
 ومن الاوهام:,1231,52,2,4.224207961007311
 من اسمه مخارق (1) ومختار,980,172,4,17.551020408163264
 من اسمه مخرش ومخرمة ومخلد,2353,70,2,2.9749256268593283
 من اسمه مخمر ومخنف ومخول,341,0,0,0
 من اسمه مدرك ومرار,778,201,6,25.835475578406168
 من اسمه مرثد ومرجي ومرحب,870,122,2,14.022988505747128
 من اسمه مرحوم ومرداس,822,192,3,23.357664233576642
 من اسمه مرزوق ومرقع ومرة,1239,180,3,14.527845036319611
 من اسمه مروان ومري,3583,294,5,8.205414457158804
 من اسمه مزاحم ومزيدة,663,80,1,12.066365007541478
 من اسمه مسافر ومسافع ومساور,2111,476,9,22.54855518711511
 من اسمه مسحاج ومسدد,781,60,1,7.682458386683738
 من اسمه مسرة ومسروح ومسروق,4479,538,11,12.011609734315694
 من اسمه مسلم,8465,1039,21,12.274069698759599
 من اسمه مسلمة,1509,37,1,2.4519549370444005
 من اسمه مسهر ومسور ومسور ومسيب,1462,136,3,9.30232558139535
 المجلد الثامن والعشرون,7,0,0,0
 من اسمه مشاش ومشرح ومشعث ومشمعل,1306,194,2,14.854517611026033
 من اسمه مصعب ومصفح,3439,410,7,11.9220703692934
 من اسمه مضارب ومضرب,253,67,1,26.48221343873518
 من اسمه مطر,777,0,0,0
 من اسمه مطرح ومطرف,1633,13,1,0.7960808328230252
 من اسمه مطعم ومطلب,1684,271,3,16.092636579572446
 من اسمه مطهر ومطوس ومطير ومطيع,376,0,0,0
 ومن الاوهام:,383,65,1,16.971279373368144
 من اسمه مظاهر ومظفر,831,16,1,1.9253910950661854
 من اسمه معاذ,5218,265,8,5.078574166347259
 من اسمه معارك ومعافي ومعان,2359,50,2,2.11954217888936
 من اسمه معاوية,9582,1117,29,11.657274055520768
 ومن الاوهام:,14,0,0,0
 من اسمه معبد,3185,480,12,15.070643642072213
 من اسمه معتمر ومعدان ومعدي,1457,0,0,0
 من اسمه معرف ومعرور ومعروف,1490,217,3,14.563758389261745
 من اسمه معقل,1040,86,4,8.269230769230768
 من اسمه معلي,2501,121,3,4.8380647740903635
 من اسمه معمر,3174,516,9,16.257088846880908
 من اسمه معمر,928,0,0,0
 من اسمه معن ومعيقيب,2100,464,11,22.095238095238095
 من اسمه مغراء ومغيث,388,47,2,12.11340206185567
 من اسمه مغيرة,7528,1160,23,15.409139213602552
 من اسمه مفضل,1274,50,2,3.924646781789639
 وممن يسمي المفضل بن فضالة من رواة الحديث:,1093,101,3,9.240622140896615
 من اسمه مقاتل,3449,266,13,7.7123804001159755
 من اسمه مقداد ومقدام ومقدم ومقسم,1732,65,4,3.7528868360277134
 من اسمه مكتوم ومكحول ومكي,2643,263,8,9.950813469542187
 من اسمه ملحان وملقام,56,0,0,0
 من اسمه ممطور ومنبوذ ومنجاب,1155,171,5,14.805194805194805
 من اسمه مندل ومنذر,3237,499,10,15.415508186592525
 من اسمه منصور,5832,706,19,12.10562414266118
 من اسمه منظور ومنقذ ومنكدر,491,47,2,9.572301425661914
 من اسمه منهال,835,56,2,6.706586826347305
 من اسمه منيب ومنير ومنية,162,0,0,0
 ومن الاوهام:,99,56,1,56.56565656565656
 من اسمه مهاجر,1357,427,6,31.466470154753136
 من اسمه مهدي ومهران,1985,372,7,18.740554156171285
 المجلد التاسع والعشرون,7,0,0,0
 من اسمه مهلب ومهنا ومهند,1262,200,4,15.847860538827257
 من اسمه مءثر ومورق,281,0,0,0
 من اسمه موسي,5040,695,19,13.789682539682541
 ومن الاوهام:,15458,1741,40,11.262776555828697
 - موسي ,7,0,0,0
 - موسي الحناط، هو: ابن ابي عيسي. تقدم.,7,0,0,0
 - موسي الصغير، هو: ابن مسلم. تقدم.,6,0,0,0
 - موسي الكبير، هو: ابن ابي كثير. تقدم.,7,0,0,0
 - موسي القارء، هو: ابن عيسي. تقدم.,94,0,0,0
 من اسمه مءمل وملازم,785,19,1,2.420382165605096
 ومن الاوهام:,3,0,0,0
 مءمل بن عبد الرحمن.,1085,79,3,7.281105990783409
 من اسمه ميسرة وميمون وميناء,7278,1219,33,16.749106897499313
 ومن الاوهام:,3,0,0,0
 ميمون، ابو سهل Milestone300 صاحب السقط.,327,60,1,18.34862385321101
 باب النون,2,0,0,0
 من اسمه نابل وناتل وناجية,1655,438,6,26.46525679758308
 من اسمه ناشرة وناصح وناعم ونافذ,1189,104,3,8.746846089150546
 من اسمه نافع وناءل,4,0,0,0
 - نافع بن ابي انس، هو ابو سهيل نافع بن مالك بن ابي عامر الاصبحي، ياتي.,746,0,0,0
 ومن الاوهام:,3,0,0,0
 نافع بن جبير، مولي علي.,4536,414,9,9.126984126984127
 - نافع، ويقال: رافع، ابو غالب الباهلي الخياط. ياتي في الكني.,188,0,0,0
 من اسمه نباتة ونبهان ونبيح ونبيشة ونبيط ونبيه,1201,196,4,16.319733555370526
 من اسمه نجدة ونجيح ونجيد ونجي,1402,161,9,11.483594864479315
 من اسمه نذير ونزار ونزال ونسير ونسي,926,256,5,27.645788336933048
 من اسمه نصر,2629,280,7,10.650437428680107
 ومن الاوهام:,3,0,0,0
 نصر بن علي الكوفي.,705,33,2,4.680851063829787
 من اسمه نصير,409,0,0,0
 من اسمه نضر ونضرة ونضلة,2194,202,4,9.206927985414767
 وممن يسمي النضر بن عبد الله من رواة الحديث:,2029,71,4,3.4992607195662893
 النضر القيسي، هو ابن عبد الله. تقدم.,8,0,0,0
 النضر.,475,0,0,0
 من اسمه النعمان,8131,2200,52,27.0569425654901
 من اسمه نعيم,5255,965,22,18.363463368220742
 المجلد الثلاثون,6,0,0,0
 من اسمه نفيع ونقادة ونقيب,1809,136,6,7.517965726920951
 من اسمه نمر ونمران ونملة ونمير ونميلة,616,71,2,11.525974025974026
 من اسمه نهار ونهاس ونهشل ونهيك,1075,114,2,10.604651162790697
 من اسمه نواس ونوح,3514,292,9,8.309618668184406
 من اسمه نوف ونوفل ونيار,1102,83,2,7.531760435571688
 ومن الاوهام:,31,0,0,0
 باب الهاء,2,0,0,0
 من اسمه هارون,1121,110,2,9.812667261373774
 - هارون بن حيان، هو هارون بن موسي بن حيان. ياتي.,889,106,3,11.923509561304838
 وممن يسمي هارون بن سعد:,537,0,0,0
 ومن الاوهام:,3822,438,8,11.459968602825747
 من اسمه هاشم,1728,79,5,4.5717592592592595
 من اسمه هانء,742,137,2,18.463611859838274
 - هانء بن نيار، ابو بردة، ياتي في الكني.,588,77,2,13.095238095238097
 من اسمه هبيرة وهدبة Milestone300 وهدية وهذيل وهذيم,1208,18,2,1.490066225165563
 من اسمه هرم وهرماس وهرمز وهرمي,67,0,0,0
 هرم، ابو زرعة بن عمرو بن جرير، ياتي في الكني.,10,0,0,0
 هرم بن نسيب ابو العجفاء السلمي. ياتي في الكني.,474,148,2,31.223628691983123
 هرمز، ويقال: هرم، ابو خالد الوالبي. ياتي في الكني.,237,0,0,0
 من اسمه هرير وهريم وهزال وهزيل,693,0,0,0
 من اسمه هشام,4991,378,14,7.5736325385694245
 ومن الاوهام:,7861,563,10,7.161938684645719
 ومن الاوهام:,897,104,2,11.594202898550725
 من اسمه هشيم وهصان وهقل وهلب وهلقام,2541,284,14,11.176702085792995
 ومن الاوهام:,845,168,5,19.881656804733726
 هلقام بن التلب، ويقال: ملقام، وقد تقدم.,7,0,0,0
 من اسمه همام وهناد,2266,167,6,7.369814651368049
 من اسمه هند وهنيدة وهني,644,125,2,19.40993788819876
 من اسمه هود وهوذة,605,41,3,6.776859504132231
 من اسمه هلال,2696,334,10,12.388724035608309
 هلال بن عياض، ويقال: عياض بن هلال. تقدم.,8,0,0,0
 هلال بن فياض اليشكري، هو شاذ بن فياض. تقدم.,117,0,0,0
 هلال بن ابي ميمونة، هو هلال بن علي بن اسامه. تقدم.,552,30,1,5.434782608695652
 هلال الوزان، هو ابن ابي حميد. تقدم.,7,0,0,0
 هلال، ابو طعمة، مولي عمر بن عبد العزيز. ياتي في الكني.,213,113,1,53.051643192488264
 من اسمه هياج وهيثم,3037,322,9,10.60256832400395
 وممن يسمي الهيثم بن خالد من رواة الحديث:,1551,276,5,17.79497098646035
 من اسمه وابصة وواثلة وواسع,867,0,0,0
 من اسمه واصل,1441,55,1,3.816793893129771
 من اسمه واقد وواهب وواءل,1472,168,3,11.41304347826087
 ومن الاوهام:,313,0,0,0
 من اسمه وبر ووبرة ووحشي,737,48,3,6.512890094979647
 من اسمه وراد وورد وورقاء ووزير,1407,271,5,19.260838663823737
 من اسمه وساج ووضاح ووضين ووعلة,1862,90,3,4.833512352309345
 من اسمه وفاء ووقاء ووقاص ووقدان,990,215,4,21.71717171717172
 من اسمه وكيع,4761,293,11,6.154169292165512
 من اسمه وليد,1081,249,3,23.034227567067532
 ومن الاوهام:,489,134,2,27.402862985685072
 ومن الاوهام:,13369,1394,36,10.427107487471016
 ومن الاوهام:,74,0,0,0
 من اسمه وهب,2380,316,4,13.277310924369749
 ومن الاوهام:,562,0,0,0
 ومن الاوهام:,4658,408,10,8.75912408759124
 من اسمه وهيب,1713,40,3,2.335084646818447
 باب اللام الف,650,9,1,1.3846153846153846
 باب الياء,2,0,0,0
 من اسمه ياسين ويحمد ويحنس,462,0,0,0
 من اسمه يحيي,2106,110,3,5.223171889838556
 ومن الاوهام:,9686,693,20,7.154656204831716
 ومن الاوهام:,4029,183,8,4.542069992553984
 ومن الاوهام:,11876,794,21,6.685752778713372
 ومن الاوهام:,2269,179,8,7.888937858087264
 ومن الاوهام:,3932,527,10,13.402848423194303
 ومن الاوهام:,13219,919,30,6.952114380815493
 ومن الاوهام:,2474,200,3,8.084074373484237
 وممن يسمي يحيي بن مسلم:,6051,468,23,7.734258800198314
 المجلد الثاني والثلاثون,7628,876,21,11.484006292606187
 من اسمه يزداد ويزيد,14637,1191,38,8.136913301906128
 ومن الاوهام:,15529,2315,35,14.907592246764118
 من اسمه يسار ويسرة واليسع ويسير ويسيع,1575,237,4,15.04761904761905
 من اسمه يعقوب,10284,678,11,6.592765460910152
 من اسمه يعلي,1434,203,5,14.156206415620643
 ومن الاوهام:,2218,211,7,9.513074842200181
 من اسمه يعيش ويمان,457,18,1,3.938730853391685
 ومن الاوهام:,14,0,0,0
 من اسمه يوسف,788,133,2,16.878172588832488
 ومن الاوهام:,9620,1050,23,10.914760914760915
 ومن الاوهام:,54,0,0,0
 من اسمه يونس,8799,2100,59,23.86634844868735
 ومن الاوهام:,1084,42,3,3.8745387453874542
 ومن الاوهام:,1377,0,0,0
 كتاب الكني,2,0,0,0
 باب الالف,4641,1328,22,28.61452273216979
 ومن الاوهام:,73,0,0,0
 ومن الاوهام ايضا:,433,0,0,0
 ومن الاوهام:,774,173,2,22.35142118863049
 ومن الاوهام:,153,0,0,0
 ومن الاوهام:,2978,975,11,32.740094022834114
 باب الباء,16962,2736,54,16.13017332861691
 باب التاء,284,0,0,0
 باب الثاء,2118,277,7,13.078375826251179
 باب الجيم,3791,1220,18,32.181482458454234
 ومن الاوهام:,1242,87,2,7.004830917874397
 باب الحاء,6327,1279,20,20.214951793899164
 ومن الاوهام:,1789,126,2,7.043040804918949
 باب الخاء,2601,560,9,21.53018069973087
 باب الدال,124,0,0,0
 ومن الاوهام:,166,0,0,0
 باب الذال,820,61,3,7.439024390243902
 باب الراء,720,0,0,0
 ومن الاوهام:,790,192,3,24.30379746835443
 ابو رجاء ,1407,150,3,10.660980810234541
 باب الزاي,2270,376,9,16.56387665198238
 باب السين,9047,1398,26,15.452636233005416
 باب الشين,1176,279,4,23.72448979591837
 ومن الاوهام:,455,0,0,0
 باب الصاد,1678,405,6,24.135876042908226
 ومن الاوهام:,1184,180,2,15.202702702702704
 باب الضاد,110,0,0,0
 باب الطاء,1697,414,7,24.3959929286977
 ومن الاوهام:,217,24,1,11.059907834101383
 باب الظاء,516,20,1,3.875968992248062
 المجلد الرابع Milestone300 والثلاثون,7,0,0,0
 باب العين,6605,1358,22,20.560181680545043
 ومن الاوهام:,2812,617,9,21.94167852062589
 ومن الاوهام:,519,89,2,17.148362235067438
 ومن الاوهام:,5159,1150,19,22.291141694126768
 ومن الاوهام:,10306,2075,38,20.133902581020767
 باب الغين,1519,69,1,4.5424621461487815
 باب الفاء,622,60,1,9.646302250803858
 ومن الاوهام:,497,50,1,10.06036217303823
 باب القاف,2829,695,11,24.566984800282786
 باب الكاف,3093,725,10,23.440025864856125
 باب اللام,1306,132,1,10.10719754977029
 باب الميم,3449,607,12,17.599304146129313
 ومن الاوهام:,668,242,3,36.227544910179645
 ابو مخلد، ,9,0,0,0
 ومن الاوهام:,1278,268,6,20.970266040688575
 ومن الاوهام:,4136,689,11,16.658607350096712
 ومن الاوهام:,2157,197,4,9.133055169216505
 ومن الاوهام:,1986,223,5,11.228600201409868
 ومن الاوهام:,208,60,2,28.846153846153843
 باب النون,2603,418,6,16.05839416058394
 باب الهاء,4301,186,5,4.3245756800744015
 ومن الاوهام:,388,0,0,0
 باب الواو,1388,0,0,0
 باب اللام الف,263,130,1,49.42965779467681
 باب الياء,772,11,1,1.4248704663212435
 ومن الاوهام:,930,196,3,21.0752688172043
 ومن الاوهام:,1183,156,2,13.186813186813188
 فصل,8601,677,20,7.871177770026741
 المجلد الخامس والثلاثون,7,0,0,0
 فصل Milestone300 فيمن اشتهر بالنسبة الي قبيلة او بلدة او صناعة او نحو ذلك ,2931,96,4,3.2753326509723646
 فصل فيمن اشتهر بلقب او نحوه,2679,0,0,0
 فصل من الالقاب,290,0,0,0
 فصل اخر من الالقاب,278,0,0,0
 فصل في المبهمات,8356,461,20,5.516993776926759
 كتاب النساء,2,0,0,0
 باب الالف,2195,203,5,9.248291571753986
 باب الباء,703,65,2,9.246088193456615
 باب الجيم,749,66,1,8.811748998664887
 باب الحاء,2378,396,8,16.65264928511354
 باب الخاء,955,119,2,12.460732984293193
 باب الدال,339,76,2,22.418879056047196
 باب الراء,2106,657,12,31.196581196581196
 باب الزاي,1257,260,6,20.684168655529035
 باب السين,2339,480,8,20.521590423257802
 باب الشين,496,94,2,18.951612903225808
 باب الصاد,1975,634,8,32.10126582278481
 باب الضاد,699,220,3,31.47353361945637
 باب الطاء,50,0,0,0
 باب العين,3619,199,6,5.498756562586349
 باب الغين,220,61,1,27.727272727272727
 باب الفاء,4331,1205,20,27.822673747402447
 باب القاف,3409,510,8,14.960398943971839
 باب الكاف,1183,410,7,34.65765004226542
 باب اللام,944,221,4,23.41101694915254
 باب الميم,1676,430,8,25.6563245823389
 باب النون,207,0,0,0
 باب الهاء,1230,189,3,15.365853658536585
 باب الياء,42,0,0,0
 باب الكني من كتاب النساء,10588,1841,36,17.387608613524744
 فصل,713,0,0,0
 فصل,48,0,0,0
 فصل,313,3,1,0.9584664536741214
